{
  "height": 224.88361899928489,
  "width": 523.46859212438585,
  "x": 430.86945488938619,
  "y": 39.685344529285572,
  "z": 0
}