{
  "height": 424.09573113808028,
  "tabOrder": 1000,
  "width": 980.28685394211993,
  "x": 150.63509575942743,
  "y": 280.41302441370334,
  "z": 1000
}